{
  "holdout": {
    "MAPE_eps1": 0.32290154369074897,
    "R2": 0.8204214883513736,
    "WAPE": 0.3190523583034924,
    "SMAPE": 0.3138127127427346,
    "MAE": 47109513.72826318,
    "RMSE": 199400512.84254226
  }
}